<?xml version="1.0" encoding="UTF-8"?>
<project-private xmlns="http://www.netbeans.org/ns/project-private/1">
    <editor-bookmarks xmlns="http://www.netbeans.org/ns/editor-bookmarks/2" lastBookmarkId="0"/>
    <open-files xmlns="http://www.netbeans.org/ns/projectui-open-files/2">
        <group>
            <file>file:/C:/Users/milli/Documents/NetBeansProjects/C2Ejercicio2A/src/c2ejercicio2a/Menu.java</file>
            <file>file:/C:/Users/milli/Documents/NetBeansProjects/C2Ejercicio2A/src/c2ejercicio2a/C2Ejercicio2A.java</file>
            <file>file:/C:/Users/milli/Documents/NetBeansProjects/C2Ejercicio2A/src/c2ejercicio2a/Empleado.java</file>
        </group>
    </open-files>
</project-private>
